threshold,max_real_incremental_review_rate,mean_real_incremental_review_rate,total_generated_false_negative_count,total_generated_false_negative_rescued,total_generated_false_negative_rescue_rate,mean_scope_generated_false_negative_rescue_rate,incremental_review_count
0.493560291935122,0.224,0.1520719489981785,270,149,0.5518518518518518,0.5422518609177183,501
0.4948797698359183,0.22,0.1505719489981785,270,148,0.5481481481481482,0.5368170783090227,497
0.4974912665402752,0.216,0.14879417122040073,270,144,0.5333333333333333,0.5275751891013423,489
0.49938113340220347,0.214,0.14728187613843352,270,143,0.5296296296296297,0.5263061535683473,485
0.5,0.214,0.14678187613843352,270,142,0.5259259259259259,0.5250371180353525,483
0.5009263009692944,0.212,0.1452572859744991,270,142,0.5259259259259259,0.5250371180353525,480
0.50304629894368,0.208,0.1439795081967213,270,142,0.5259259259259259,0.5250371180353525,477
0.50499,0.202,0.14220173041894354,270,140,0.5185185185185185,0.5224990469693626,471
0.5051340697510053,0.202,0.14220173041894354,270,140,0.5185185185185185,0.5224990469693626,471
0.5072303428268793,0.198,0.14064617486338798,270,140,0.5185185185185185,0.5224990469693626,467
0.5076500309084434,0.194,0.13936839708561022,270,140,0.5185185185185185,0.5224990469693626,464
0.5084379931082581,0.19,0.13757832422586522,270,140,0.5185185185185185,0.5224990469693626,460
0.5088554403956658,0.186,0.13630054644808742,270,140,0.5185185185185185,0.5224990469693626,457
0.509835988629905,0.182,0.13428825136612021,270,137,0.5074074074074074,0.5043359759033728,450
0.50998,0.182,0.13428825136612021,270,137,0.5074074074074074,0.5043359759033728,450
0.5120333570122559,0.182,0.1334549180327869,270,136,0.5037037037037037,0.5030669403703778,446
0.5134988665893718,0.178,0.1316771402550091,270,132,0.4888888888888889,0.49382505116269737,438
0.5147642117282089,0.176,0.13039936247723133,270,131,0.48518518518518516,0.4925560156297024,434
0.51497,0.176,0.13039936247723133,270,131,0.48518518518518516,0.4925560156297024,434
0.5159965960181835,0.17,0.12862158469945356,270,129,0.4777777777777778,0.4900179445637126,428
0.5173100676011216,0.166,0.12710928961748635,270,129,0.4777777777777778,0.4900179445637126,425
0.5189392468730406,0.16,0.12510928961748635,270,125,0.46296296296296297,0.4849418024317329,417
0.51996,0.16,0.12460928961748635,270,124,0.45925925925925926,0.48367276689873795,415
0.5210917477035056,0.158,0.12360928961748635,270,124,0.45925925925925926,0.48367276689873795,413
0.52495,0.158,0.12205373406193079,270,120,0.4444444444444444,0.4744308776910576,405
0.5249542107620863,0.158,0.12205373406193079,270,120,0.4444444444444444,0.4744308776910576,405
0.5267345516071744,0.158,0.12098588342440803,270,118,0.43703703703703706,0.4718928066250677,400
0.5297910197917236,0.158,0.11919581056466302,270,118,0.43703703703703706,0.4718928066250677,396
0.52994,0.158,0.11919581056466302,270,118,0.43703703703703706,0.4718928066250677,396
0.5314834464078214,0.156,0.11769581056466302,270,116,0.42962962962962964,0.46935473555907786,391
0.5330548355156767,0.152,0.11590573770491805,270,116,0.42962962962962964,0.46935473555907786,387
0.5339358362567518,0.15,0.11440573770491805,270,115,0.42592592592592593,0.46808570002608296,383
0.53493,0.15,0.11390573770491805,270,115,0.42592592592592593,0.46808570002608296,382
0.5384506631764975,0.15,0.11262795992714025,270,110,0.4074074074074074,0.46174052236110835,374
0.53992,0.15,0.11235018214936249,270,109,0.40370370370370373,0.4604714868281134,372
0.5407397042226085,0.15,0.11156010928961749,270,109,0.40370370370370373,0.4604714868281134,370
0.5427273935256411,0.15,0.11022677595628416,270,106,0.3925925925925926,0.45666438022912864,363
0.5434267239004347,0.15,0.10872677595628416,270,106,0.3925925925925926,0.45666438022912864,360
0.54491,0.148,0.10721448087431695,270,104,0.3851851851851852,0.4541263091631388,355
0.545141952368354,0.148,0.10671448087431695,270,104,0.3851851851851852,0.4541263091631388,354
0.5464214321371228,0.148,0.10521448087431695,270,104,0.3851851851851852,0.4541263091631388,351
0.5476704354412506,0.148,0.1038811475409836,270,102,0.37777777777777777,0.45158823809714893,345
0.5499,0.146,0.1028811475409836,270,102,0.37777777777777777,0.45158823809714893,343
0.5514677130153692,0.146,0.10236885245901639,270,100,0.37037037037037035,0.44905016703115913,340
0.5518253307962039,0.142,0.10036885245901639,270,100,0.37037037037037035,0.44905016703115913,336
0.553381992620568,0.14,0.09884426229508197,270,97,0.3592592592592593,0.4452430604321743,330
0.55489,0.138,0.09784426229508197,270,96,0.35555555555555557,0.4439740248991794,327
0.5562753370730672,0.136,0.09684426229508197,270,95,0.35185185185185186,0.44270498936618446,324
0.5579566227175717,0.136,0.09578870673952641,270,92,0.34074074074074073,0.4388978827671997,318
0.558941678319265,0.136,0.09375182149362477,270,90,0.3333333333333333,0.43635981170120985,312
0.55988,0.136,0.093474043715847,270,89,0.3296296296296296,0.43509077616821495,310
0.5603638200638567,0.136,0.091974043715847,270,89,0.3296296296296296,0.43509077616821495,307
0.561418401107814,0.136,0.09069626593806922,270,89,0.3296296296296296,0.43509077616821495,304
0.5627679037317083,0.136,0.08890619307832423,270,87,0.32222222222222224,0.4325527051022251,298
0.56487,0.134,0.08740619307832423,270,84,0.3111111111111111,0.4287455985032403,292
0.565164390678416,0.134,0.08740619307832423,270,84,0.3111111111111111,0.4287455985032403,292
0.5682057129154285,0.13,0.08562841530054645,270,83,0.3074074074074074,0.4274765629702454,287
0.56986,0.13,0.08511612021857924,270,80,0.2962962962962963,0.42366945637126063,283
0.5709480804406544,0.13,0.08433834244080146,270,78,0.28888888888888886,0.41696563822957006,279
0.5719273165743565,0.13,0.08256056466302368,270,78,0.28888888888888886,0.41696563822957006,275
0.5727218503677588,0.13,0.08172723132969034,270,77,0.2851851851851852,0.4156966026965751,271
0.57485,0.126,0.08044945355191256,270,75,0.2777777777777778,0.41315853163058525,266
0.5765197650339091,0.126,0.08017167577413478,270,74,0.2740740740740741,0.41188949609759035,264
0.5791576116039707,0.122,0.0786716757741348,270,73,0.27037037037037037,0.4106204605645954,260
0.57984,0.12,0.0781716757741348,270,73,0.27037037037037037,0.4106204605645954,259
0.5816805029462222,0.118,0.07689389799635701,270,72,0.26666666666666666,0.4093514250316005,255
0.5821771884103706,0.116,0.07539389799635701,270,72,0.26666666666666666,0.4093514250316005,252
0.58483,0.114,0.07439389799635701,270,69,0.25555555555555554,0.401378571356915,247
0.5861096318933033,0.114,0.07361612021857923,270,66,0.24444444444444444,0.39757146475793026,242
0.58982,0.114,0.07283834244080145,270,61,0.22592592592592592,0.3870605400172549,235
0.5916929565078546,0.114,0.07233834244080145,270,60,0.2222222222222222,0.3714355400172549,233
0.59481,0.114,0.07132604735883424,270,56,0.2074074074074074,0.32344292349671955,227
0.598085982585728,0.114,0.07054826958105646,270,54,0.2,0.3209048524307297,223
0.5998,0.112,0.07004826958105646,270,54,0.2,0.3209048524307297,222
0.600691271728557,0.112,0.0694927140255009,270,53,0.1962962962962963,0.3196358168977348,219
0.6042769571370701,0.112,0.06793715846994536,270,49,0.1814814814814815,0.3145596747657551,211
0.6047899999999999,0.112,0.06793715846994536,270,49,0.1814814814814815,0.3145596747657551,211
0.6077153891761019,0.112,0.0668816029143898,270,48,0.17777777777777778,0.3132906392327602,207
0.60978,0.108,0.0658816029143898,270,46,0.17037037037037037,0.3107525681667703,203
0.6131019225236185,0.106,0.0648816029143898,270,44,0.16296296296296298,0.30821449710078047,199
0.61477,0.106,0.06410382513661203,270,42,0.15555555555555556,0.3056764260347906,195
0.6152843913800655,0.106,0.06382604735883425,270,42,0.15555555555555556,0.3056764260347906,194
0.6181355622254546,0.106,0.06181375227686703,270,42,0.15555555555555556,0.3056764260347906,190
0.61976,0.106,0.06103597449908925,270,42,0.15555555555555556,0.3056764260347906,188
0.6233363202076493,0.106,0.06075819672131147,270,42,0.15555555555555556,0.3056764260347906,187
0.62475,0.102,0.05948041894353369,270,42,0.15555555555555556,0.3056764260347906,184
0.6256446370361791,0.102,0.05898041894353369,270,41,0.15185185185185185,0.3044073905017957,182
0.6277262290072538,0.1,0.05792486338797814,270,39,0.14444444444444443,0.29770357236010514,177
0.62974,0.096,0.05591256830601093,270,38,0.14074074074074075,0.2964345368271102,172
0.6303474511281346,0.096,0.05591256830601093,270,38,0.14074074074074075,0.2964345368271102,172
0.63473,0.092,0.05463479052823315,270,38,0.14074074074074075,0.2964345368271102,169
0.6354687082150906,0.092,0.05463479052823315,270,38,0.14074074074074075,0.2964345368271102,169
0.6369899568219369,0.092,0.053301457194899815,270,38,0.14074074074074075,0.2964345368271102,165
0.63972,0.092,0.05202367941712204,270,37,0.13703703703703704,0.29516550129411523,161
0.6414949011026345,0.092,0.05202367941712204,270,36,0.13333333333333333,0.2897307186854196,160
0.64471,0.09,0.05096812386156648,270,32,0.11851851851851852,0.26319633935916215,153
0.6458299924978502,0.088,0.05046812386156648,270,32,0.11851851851851852,0.26319633935916215,152
0.6486820731045554,0.086,0.048943533697632054,270,29,0.10740740740740741,0.2552234856844766,146
0.6496999999999999,0.08,0.04694353369763206,270,29,0.10740740740740741,0.2552234856844766,142
0.6500938618664529,0.08,0.04694353369763206,270,29,0.10740740740740741,0.2552234856844766,142
0.6524542468910702,0.076,0.04516575591985428,270,29,0.10740740740740741,0.2552234856844766,138
0.65469,0.074,0.04466575591985428,270,29,0.10740740740740741,0.2552234856844766,137
0.6564109435763111,0.074,0.044110200364298725,270,28,0.1037037037037037,0.249788703075781,134
0.65968,0.072,0.04305464480874317,270,26,0.0962962962962963,0.24725063200979117,129
0.659969843406633,0.072,0.04254234972677595,270,26,0.0962962962962963,0.24725063200979117,128
0.6645371850192773,0.07,0.041486794171220406,270,25,0.09259259259259259,0.24598159647679624,124
0.66467,0.07,0.041486794171220406,270,25,0.09259259259259259,0.24598159647679624,124
0.6696599999999999,0.068,0.040486794171220405,270,24,0.08888888888888889,0.2447125609438013,121
0.6734094232537586,0.068,0.039709016393442625,270,21,0.07777777777777778,0.2223837428021107,116
0.67465,0.068,0.039709016393442625,270,21,0.07777777777777778,0.2223837428021107,116
0.6795079988469396,0.068,0.03840664845173042,270,20,0.07407407407407407,0.2211147072691158,112
0.67964,0.068,0.03840664845173042,270,20,0.07407407407407407,0.2211147072691158,112
0.6811914829410476,0.062,0.03662887067395264,270,20,0.07407407407407407,0.2211147072691158,108
0.6841051790564889,0.06,0.035573315118397085,270,19,0.07037037037037037,0.21567992466042013,104
0.68463,0.06,0.035573315118397085,270,18,0.06666666666666667,0.2144108891274252,103
0.688128022132105,0.058,0.03401775956284153,270,18,0.06666666666666667,0.2144108891274252,99
0.68962,0.058,0.03373998178506375,270,18,0.06666666666666667,0.2144108891274252,98
0.69461,0.056,0.03323998178506375,270,17,0.06296296296296296,0.21314185359443028,96
0.6991163930239604,0.054,0.03273998178506375,270,16,0.05925925925925926,0.19751685359443028,94
0.6996,0.054,0.03246220400728597,270,16,0.05925925925925926,0.19751685359443028,93
0.7030819027966505,0.05,0.0311844262295082,270,16,0.05925925925925926,0.19751685359443028,90
0.70459,0.05,0.0311844262295082,270,16,0.05925925925925926,0.19751685359443028,90
0.7078255317116451,0.048,0.029906648451730418,270,16,0.05925925925925926,0.19751685359443028,87
0.70958,0.048,0.029116575591985428,270,16,0.05925925925925926,0.19751685359443028,85
0.710734089756017,0.048,0.028116575591985427,270,16,0.05925925925925926,0.19751685359443028,83
0.7145699999999999,0.048,0.02706102003642987,270,15,0.05555555555555555,0.19624781806143538,79
0.7171109804856712,0.048,0.02706102003642987,270,15,0.05555555555555555,0.19624781806143538,79
0.71956,0.046,0.026283242258652095,270,15,0.05555555555555555,0.19624781806143538,77
0.7224635238739099,0.046,0.025505464480874318,270,15,0.05555555555555555,0.19624781806143538,75
0.72455,0.046,0.025505464480874318,270,14,0.05185185185185185,0.19497878252844045,74
0.72954,0.046,0.024715391621129325,270,14,0.05185185185185185,0.19497878252844045,72
0.7325792774966255,0.044,0.024215391621129324,270,14,0.05185185185185185,0.19497878252844045,71
0.73453,0.042,0.023715391621129324,270,13,0.04814814814814815,0.1895439999197448,69
0.73952,0.042,0.02315983606557377,270,13,0.04814814814814815,0.1895439999197448,67
0.7402207260127158,0.04,0.02265983606557377,270,13,0.04814814814814815,0.1895439999197448,66
0.74451,0.04,0.021647540983606557,270,13,0.04814814814814815,0.1895439999197448,64
0.7446838388333128,0.04,0.021147540983606557,270,13,0.04814814814814815,0.1895439999197448,63
0.7494999999999999,0.04,0.020591985428051005,270,13,0.04814814814814815,0.1895439999197448,61
0.7502298536585296,0.04,0.020036429872495445,270,13,0.04814814814814815,0.1895439999197448,59
0.75449,0.04,0.019246357012750456,270,12,0.044444444444444446,0.16681672719247206,56
0.7594307048686444,0.04,0.01896857923497268,270,12,0.044444444444444446,0.16681672719247206,55
0.7594799999999999,0.04,0.01896857923497268,270,12,0.044444444444444446,0.16681672719247206,55
0.76447,0.038,0.017956284153005465,270,11,0.040740740740740744,0.16554769165947714,52
0.7692910362712557,0.038,0.017166211293260472,270,10,0.037037037037037035,0.1642786561264822,49
0.76946,0.038,0.017166211293260472,270,10,0.037037037037037035,0.1642786561264822,49
0.77445,0.036,0.016388433515482696,270,10,0.037037037037037035,0.1642786561264822,47
0.774975339689883,0.036,0.01611065573770492,270,10,0.037037037037037035,0.1642786561264822,46
0.7794399999999999,0.036,0.015042805100182148,270,10,0.037037037037037035,0.1642786561264822,43
0.7813685135835033,0.036,0.01476502732240437,270,10,0.037037037037037035,0.1642786561264822,42
0.78443,0.036,0.013697176684881601,270,10,0.037037037037037035,0.1642786561264822,39
0.7847034212316739,0.036,0.013697176684881601,270,10,0.037037037037037035,0.1642786561264822,39
0.78942,0.034,0.013197176684881604,270,10,0.037037037037037035,0.1642786561264822,38
0.7944100000000001,0.034,0.012919398907103825,270,10,0.037037037037037035,0.1642786561264822,37
0.7994,0.032,0.012419398907103824,270,10,0.037037037037037035,0.1642786561264822,36
0.8043899999999999,0.032,0.012419398907103824,270,10,0.037037037037037035,0.1642786561264822,36
0.8089132914149891,0.032,0.012141621129326048,270,10,0.037037037037037035,0.1642786561264822,35
0.80938,0.032,0.012141621129326048,270,10,0.037037037037037035,0.1642786561264822,35
0.81437,0.032,0.012141621129326048,270,10,0.037037037037037035,0.1642786561264822,35
0.81936,0.03,0.011641621129326048,270,10,0.037037037037037035,0.1642786561264822,34
0.8243499999999999,0.028,0.011141621129326047,270,10,0.037037037037037035,0.1642786561264822,33
0.82934,0.028,0.011141621129326047,270,10,0.037037037037037035,0.1642786561264822,33
0.8316063003624373,0.026,0.010641621129326047,270,10,0.037037037037037035,0.1642786561264822,32
0.83433,0.026,0.010129326047358833,270,10,0.037037037037037035,0.1642786561264822,31
0.83932,0.026,0.009617030965391621,270,9,0.03333333333333333,0.15884387351778656,29
0.8431770010862446,0.026,0.00882695810564663,270,9,0.03333333333333333,0.15884387351778656,27
0.8443099999999999,0.026,0.00882695810564663,270,9,0.03333333333333333,0.15884387351778656,27
0.8492999999999999,0.026,0.008314663023679416,270,9,0.03333333333333333,0.15884387351778656,26
0.85429,0.026,0.008314663023679416,270,8,0.02962962962962963,0.14321887351778656,25
0.85928,0.024,0.0075368852459016394,270,8,0.02962962962962963,0.14321887351778656,23
0.86427,0.024,0.0075368852459016394,270,7,0.025925925925925925,0.12049160079051383,22
0.8690225112849262,0.024,0.0075368852459016394,270,5,0.018518518518518517,0.0821393280632411,20
0.8692599999999999,0.024,0.0075368852459016394,270,5,0.018518518518518517,0.0821393280632411,20
0.87425,0.018,0.005524590163934426,270,4,0.014814814814814815,0.0665143280632411,15
0.8790580605586207,0.018,0.005524590163934426,270,4,0.014814814814814815,0.0665143280632411,15
0.87924,0.018,0.005524590163934426,270,4,0.014814814814814815,0.0665143280632411,15
0.88423,0.018,0.005524590163934426,270,4,0.014814814814814815,0.0665143280632411,15
0.8892199999999999,0.018,0.0050122950819672125,270,4,0.014814814814814815,0.0665143280632411,14
0.89421,0.016,0.004512295081967213,270,4,0.014814814814814815,0.0665143280632411,13
0.8992,0.016,0.004512295081967213,270,2,0.007407407407407408,0.021059782608695652,11
0.90419,0.014,0.004012295081967213,270,2,0.007407407407407408,0.021059782608695652,10
0.9085542177200459,0.014,0.004012295081967213,270,2,0.007407407407407408,0.021059782608695652,10
0.90918,0.012,0.0035122950819672133,270,2,0.007407407407407408,0.021059782608695652,9
0.9141699999999999,0.012,0.0035122950819672133,270,2,0.007407407407407408,0.021059782608695652,9
0.91916,0.01,0.0030122950819672133,270,2,0.007407407407407408,0.021059782608695652,8
0.92415,0.008,0.0025122950819672133,270,2,0.007407407407407408,0.021059782608695652,7
0.9291378672159079,0.008,0.002,270,2,0.007407407407407408,0.021059782608695652,6
0.92914,0.008,0.002,270,2,0.007407407407407408,0.021059782608695652,6
0.9341299999999999,0.004,0.001,270,1,0.003703703703703704,0.005434782608695652,3
0.93912,0.004,0.001,270,1,0.003703703703703704,0.005434782608695652,3
0.94411,0.002,0.0005,270,1,0.003703703703703704,0.005434782608695652,2
0.9468689013159088,0.002,0.0005,270,1,0.003703703703703704,0.005434782608695652,2
0.9490999999999999,0.0,0.0,270,1,0.003703703703703704,0.005434782608695652,1
0.95409,0.0,0.0,270,0,0.0,0.0,0
0.9590799999999999,0.0,0.0,270,0,0.0,0.0,0
0.96407,0.0,0.0,270,0,0.0,0.0,0
0.96906,0.0,0.0,270,0,0.0,0.0,0
0.97405,0.0,0.0,270,0,0.0,0.0,0
0.9790399999999999,0.0,0.0,270,0,0.0,0.0,0
0.98403,0.0,0.0,270,0,0.0,0.0,0
0.98902,0.0,0.0,270,0,0.0,0.0,0
0.99401,0.0,0.0,270,0,0.0,0.0,0
0.999,0.0,0.0,270,0,0.0,0.0,0
