threshold,feasible_max_fpr_20pct,min_balanced_accuracy,mean_balanced_accuracy,max_real_fpr,selection_score
8.315280276641321e-07,False,0.434,0.5551668919007302,1.0,-1.0
9.189805133719969e-07,False,0.434,0.5551668919007302,1.0,-1.0
1.015630439496253e-06,False,0.435,0.5552996332486355,1.0,-1.0
1.1224451053499155e-06,False,0.434,0.5550496332486355,1.0,-1.0
1.2404935411305788e-06,False,0.43300000000000005,0.5549385221375245,1.0,-1.0
1.3709572068578448e-06,False,0.43400000000000005,0.5558397061083805,1.0,-1.0
1.5151418164850468e-06,False,0.43300000000000005,0.556234742538253,0.998,-1.0
1.6744904055114527e-06,False,0.43300000000000005,0.5561174838861583,0.998,-1.0
1.8505977728634534e-06,False,0.43400000000000005,0.5566492149100862,0.996,-1.0
2.0452264415637373e-06,False,0.43400000000000005,0.5566492149100862,0.996,-1.0
2.2603242979035746e-06,False,0.43300000000000005,0.5562281596537526,0.996,-1.0
2.498044085626793e-06,False,0.43300000000000005,0.5563670485426415,0.996,-1.0
2.7607649501930464e-06,False,0.43200000000000005,0.5558926320255859,0.996,-1.0
3.0511162486976553e-06,False,0.43200000000000005,0.556543815996442,0.996,-1.0
3.372003863690787e-06,False,0.43200000000000005,0.556543815996442,0.996,-1.0
3.726639284186561e-06,False,0.42900000000000005,0.5559327048853309,0.996,-1.0
4.118571744832628e-06,False,0.42900000000000005,0.5560715937742198,0.996,-1.0
4.551723744799878e-06,False,0.42900000000000005,0.5572350728270432,0.996,-1.0
5.0304303017551306e-06,False,0.42900000000000005,0.5572412203680267,0.996,-1.0
5.559482333634496e-06,False,0.43000000000000005,0.5577412203680268,0.994,-1.0
6.144174602214718e-06,False,0.43100000000000005,0.5578801092569157,0.994,-1.0
6.790358698095124e-06,False,0.43200000000000005,0.5581578870346934,0.994,-1.0
7.50450159711e-06,False,0.43300000000000005,0.5585467759235823,0.994,-1.0
8.293750373891605e-06,False,0.43400000000000005,0.5582906283825987,0.994,-1.0
9.16600371985333e-06,False,0.43200000000000005,0.5580684061603765,0.994,-1.0
1.0129990980873921e-05,False,0.43300000000000005,0.5587134425902489,0.994,-1.0
1.1195359505113293e-05,False,0.43500000000000005,0.5584572950492654,0.994,-1.0
1.2372771174427572e-05,False,0.43400000000000005,0.5577072950492654,0.994,-1.0
1.3674009084599736e-05,False,0.43400000000000005,0.5577072950492654,0.99,-1.0
1.5112095440975134e-05,False,0.43400000000000005,0.5582473679090104,0.99,-1.0
1.670142184809518e-05,False,0.43200000000000005,0.557753515449994,0.99,-1.0
1.8457893295667037e-05,False,0.43300000000000005,0.556766803850971,0.99,-1.0
2.039908727992137e-05,False,0.43400000000000005,0.557266803850971,0.988,-1.0
2.254442965044545e-05,False,0.43500000000000005,0.5575701651116932,0.988,-1.0
2.4915388939429926e-05,False,0.43600000000000005,0.5580701651116932,0.986,-1.0
2.7535691114583473e-05,False,0.43599999999999994,0.5580763126526769,0.986,-1.0
3.043155690056533e-05,False,0.43699999999999994,0.5582152015415657,0.986,-1.0
3.3631964038671175e-05,False,0.43499999999999994,0.5582213490825493,0.984,-1.0
3.716893710288947e-05,False,0.43599999999999994,0.5587274966235329,0.982,-1.0
4.107786776476334e-05,False,0.43599999999999994,0.5591163855124217,0.978,-1.0
4.5397868702434395e-05,False,0.43499999999999994,0.5588919689953662,0.974,-1.0
5.01721646837643e-05,False,0.43499999999999994,0.5583919689953661,0.972,-1.0
5.5448524722794907e-05,False,0.43299999999999994,0.558660411618317,0.972,-1.0
6.127973961660248e-05,False,0.43499999999999994,0.5586542640773333,0.972,-1.0
6.772414961977023e-05,False,0.43499999999999994,0.5592993005072059,0.97,-1.0
7.484622751061123e-05,False,0.43599999999999994,0.5597076253380555,0.966,-1.0
8.271722285166654e-05,False,0.43699999999999994,0.5597014777970719,0.962,-1.0
9.141587385216144e-05,False,0.43599999999999994,0.5599576253380555,0.958,-1.0
0.00010102919390777289,False,0.436,0.5600965142269444,0.956,-1.0
0.00011165334062956276,False,0.437,0.5599915506568168,0.954,-1.0
0.00012339457598623172,False,0.437,0.5591304395457057,0.952,-1.0
0.00013637032707949727,False,0.437,0.5593327904824505,0.95,-1.0
0.0001507103580597574,False,0.439,0.5598583739653948,0.948,-1.0
0.00016655806477733606,False,0.441,0.5613861517431727,0.942,-1.0
0.000184071904963424,False,0.443,0.5627811881730451,0.938,-1.0
0.00020342697805520653,False,0.443,0.5632873357140288,0.936,-1.0
0.0002248167702332957,False,0.443,0.5622873357140288,0.934,-1.0
0.00024845508183933427,False,0.443,0.5612873357140288,0.934,-1.0
0.0002745781561013329,False,0.443,0.5610373357140288,0.934,-1.0
0.00030344703002891917,False,0.443,0.5616823721439013,0.932,-1.0
0.0003353501304664781,False,0.442,0.5612357334046234,0.93,-1.0
0.0003706061406263968,False,0.442,0.5611246222935122,0.928,-1.0
0.00040956716498605043,False,0.442,0.5615258062643684,0.928,-1.0
0.00045262222324053534,False,0.442,0.561031953805352,0.928,-1.0
0.0005002011070795643,False,0.442,0.5604146951532573,0.926,-1.0
0.0005527786369235996,False,0.442,0.5606863253900515,0.922,-1.0
0.0006108793594344016,False,0.441,0.5606801778490678,0.918,-1.0
0.0006750827306328381,False,0.439,0.5609301778490677,0.912,-1.0
0.0007460288338366976,False,0.44,0.5618252142789403,0.906,-1.0
0.0008244246863982953,False,0.438,0.5614641031678292,0.904,-1.0
0.0009110511944006454,False,0.439,0.5606480114816231,0.902,-1.0
0.0010067708200856378,False,0.439,0.5605430479114957,0.902,-1.0
0.0011125360328603216,False,0.44,0.5610430479114957,0.9,-1.0
0.0012293986212774215,False,0.442,0.562997593143074,0.894,-1.0
0.0013585199504289591,False,0.441,0.5640315184618353,0.888,-1.0
0.0015011822567369917,False,0.442,0.5648154437805967,0.886,-1.0
0.0016588010801744228,False,0.442,0.565131100123286,0.886,-1.0
0.0018329389424928053,False,0.442,0.565381100123286,0.884,-1.0
0.0020253203890498836,False,0.442,0.5657977667899526,0.884,-1.0
0.0022378485212763335,False,0.442,0.5660539143309363,0.884,-1.0
0.0024726231566347743,False,0.441,0.5659428032198252,0.884,-1.0
0.002731960763011059,False,0.441,0.5661989507608087,0.884,-1.0
0.003018416324708427,False,0.441,0.5667267285385865,0.882,-1.0
0.0033348073074133473,False,0.44,0.5666412009104198,0.88,-1.0
0.003684239899435989,False,0.439,0.5663912009104198,0.88,-1.0
0.004070137715896128,False,0.437,0.5661473484514034,0.88,-1.0
0.004496273160941178,False,0.436,0.5669907825718705,0.878,-1.0
0.004966801650056966,False,0.436,0.5672407825718705,0.876,-1.0
0.005486298899450409,False,0.436,0.5669907825718705,0.876,-1.0
0.0060598014915841155,False,0.436,0.5675030776538377,0.876,-1.0
0.0066928509242848554,False,0.436,0.5681697443205044,0.872,-1.0
0.007391541344281971,False,0.436,0.5685109841461381,0.872,-1.0
0.008162571153159904,False,0.435,0.5682071875418993,0.872,-1.0
0.00901329865284783,False,0.437,0.5686216599137325,0.872,-1.0
0.009951801866904324,False,0.437,0.5686216599137325,0.872,-1.0
0.01098694263059318,False,0.437,0.5686432901505266,0.872,-1.0
0.012128434984274258,False,0.436,0.5683077625223599,0.872,-1.0
0.013386917827664793,False,0.436,0.5688416878411213,0.872,-1.0
0.014774031693273067,False,0.435,0.5688633180779155,0.87,-1.0
0.016302499371440946,False,0.435,0.5688633180779155,0.87,-1.0
0.01798620996209156,False,0.435,0.5688633180779155,0.87,-1.0
0.019840305734077534,False,0.434,0.569008354507788,0.87,-1.0
0.021881270936130497,False,0.435,0.5692900855317159,0.87,-1.0
0.024127021417669217,False,0.434,0.5691789744206048,0.87,-1.0
0.026596993576865863,False,0.435,0.5689484103625656,0.87,-1.0
0.02931223075135632,False,0.435,0.569375177816366,0.87,-1.0
0.03229546469845055,False,0.432,0.5688275287531107,0.87,-1.0
0.03557118927263621,False,0.433,0.5686503259557936,0.87,-1.0
0.039165722796764384,False,0.433,0.5687036872165158,0.868,-1.0
0.04310725494108614,False,0.433,0.5690348262550157,0.868,-1.0
0.04742587317756678,False,0.434,0.5690348262550157,0.868,-1.0
0.05215356307841781,False,0.434,0.5697076404626659,0.868,-1.0
0.0573241758988688,False,0.435,0.5704915657814272,0.868,-1.0
0.06297335605699654,False,0.434,0.5698143629841101,0.868,-1.0
0.06913842034334684,False,0.433,0.5692544188388877,0.868,-1.0
0.07585818002124355,False,0.434,0.5697544188388878,0.866,-1.0
0.08317269649392249,False,0.43300000000000005,0.5696688912107211,0.864,-1.0
0.09112296101485623,False,0.43400000000000005,0.5707305943072601,0.864,-1.0
0.0997504891196852,False,0.43400000000000005,0.5713817782781163,0.864,-1.0
0.10909682119561298,False,0.43400000000000005,0.5712706671670051,0.864,-1.0
0.11920292202211755,False,0.43500000000000005,0.5720545924857665,0.864,-1.0
0.13010847436299802,False,0.43700000000000006,0.5730029901763611,0.864,-1.0
0.14185106490048793,False,0.43800000000000006,0.5735307679541389,0.864,-1.0
0.1544652650835348,False,0.43900000000000006,0.5739196568430278,0.864,-1.0
0.16798161486607557,False,0.43900000000000006,0.5743363235096945,0.864,-1.0
0.18242552380635635,False,0.44000000000000006,0.5748641012874722,0.864,-1.0
0.19781611144141847,False,0.44000000000000006,0.5742662785773383,0.864,-1.0
0.21416501695744153,False,0.44000000000000006,0.574575787379044,0.864,-1.0
0.23147521650098246,False,0.43900000000000006,0.5743730010987825,0.862,-1.0
0.24973989440488245,False,0.43999999999999995,0.5742813259296321,0.862,-1.0
0.2689414213699951,False,0.43999999999999995,0.5741918450553152,0.862,-1.0
0.28905049737499633,False,0.43999999999999995,0.5747257703740766,0.862,-1.0
0.3100255188723878,False,0.43999999999999995,0.5751957983014654,0.862,-1.0
0.331812227831834,False,0.43999999999999995,0.5748920016972265,0.862,-1.0
0.35434369377420466,False,0.43999999999999995,0.5746675851801708,0.862,-1.0
0.3775406687981454,False,0.43899999999999995,0.5749515104989322,0.862,-1.0
0.40131233988754833,False,0.43899999999999995,0.5749515104989322,0.862,-1.0
0.42555748318834125,False,0.43899999999999995,0.5755070660544878,0.862,-1.0
0.4501660026875223,False,0.44099999999999995,0.5759215384263211,0.862,-1.0
0.4750208125210601,False,0.44199999999999995,0.5765882050929877,0.862,-1.0
0.5,False,0.44199999999999995,0.5771221304117491,0.862,-1.0
0.5249791874789403,False,0.44299999999999995,0.577511019300638,0.862,-1.0
0.5498339973124782,False,0.44199999999999995,0.5773999081895269,0.862,-1.0
0.5744425168116591,False,0.44099999999999995,0.5775983058801215,0.862,-1.0
0.5986876601124521,False,0.44099999999999995,0.5775127782519547,0.862,-1.0
0.6224593312018546,False,0.44099999999999995,0.578185592459605,0.862,-1.0
0.6456563062257958,False,0.44099999999999995,0.578185592459605,0.862,-1.0
0.6681877721681664,False,0.44099999999999995,0.5786022591262717,0.862,-1.0
0.6899744811276126,False,0.44199999999999995,0.5786216950682324,0.86,-1.0
0.710949502625004,False,0.44199999999999995,0.5783972785511768,0.86,-1.0
0.7310585786300049,False,0.44499999999999995,0.5795956762417714,0.86,-1.0
0.7502601055951179,False,0.445,0.5802785912365555,0.86,-1.0
0.7685247834990179,False,0.444,0.5804452579032222,0.86,-1.0
0.7858349830425586,False,0.444,0.5806097302750554,0.858,-1.0
0.8021838885585818,False,0.444,0.5808019804246664,0.858,-1.0
0.8175744761936437,False,0.444,0.5809408693135553,0.858,-1.0
0.8320183851339246,False,0.443,0.580178574231588,0.858,-1.0
0.8455347349164655,False,0.444,0.5807914442940159,0.858,-1.0
0.8581489350995123,False,0.445,0.5806181947428489,0.856,-1.0
0.8698915256370021,False,0.445,0.5803620472018653,0.856,-1.0
0.8807970779778823,False,0.444,0.5800265195736986,0.856,-1.0
0.8909031788043873,False,0.444,0.5803042973514764,0.856,-1.0
0.9002495108803148,False,0.443,0.5800759275882705,0.856,-1.0
0.9088770389851439,False,0.443,0.5799903999601037,0.856,-1.0
0.9168273035060779,False,0.443,0.579904872331937,0.856,-1.0
0.9241418199787566,False,0.444,0.5804326501097148,0.856,-1.0
0.9308615796566533,False,0.444,0.5808493167763814,0.856,-1.0
0.9370266439430035,False,0.443,0.5810159834430481,0.856,-1.0
0.9426758241011313,False,0.444,0.5820560563027931,0.856,-1.0
0.9478464369215823,False,0.445,0.5819326501097147,0.856,-1.0
0.9525741268224334,False,0.444,0.5827505007472376,0.856,-1.0
0.9568927450589139,False,0.445,0.5839611935197994,0.856,-1.0
0.9608342772032357,False,0.445,0.5839867770027437,0.854,-1.0
0.9644288107273639,False,0.444,0.5838756658916326,0.854,-1.0
0.9677045353015495,False,0.445,0.5840401382634658,0.854,-1.0
0.9706877692486436,False,0.445,0.5843752305481159,0.852,-1.0
0.9734030064231343,False,0.446,0.5845930641806714,0.852,-1.0
0.9758729785823308,False,0.448,0.585370841958449,0.852,-1.0
0.9781187290638694,False,0.449,0.5856958334559653,0.852,-1.0
0.9801596942659225,False,0.449,0.5854930471757038,0.852,-1.0
0.9820137900379085,False,0.448,0.5860331200354488,0.852,-1.0
0.9836975006285591,False,0.45,0.586554750272243,0.852,-1.0
0.9852259683067269,False,0.452,0.5872470004218541,0.852,-1.0
0.9866130821723351,False,0.453,0.5872942141415926,0.852,-1.0
0.9878715650157257,False,0.454,0.5879608808082593,0.852,-1.0
0.9890130573694068,False,0.455,0.5891614727936872,0.852,-1.0
0.9900481981330957,False,0.456,0.5899453981124486,0.852,-1.0
0.990986701347152,False,0.456,0.5899670283492429,0.852,-1.0
0.9918374288468401,False,0.456,0.590671573580821,0.852,-1.0
0.9926084586557181,False,0.454,0.5901715735808211,0.852,-1.0
0.9933071490757153,False,0.454,0.5900860459526543,0.852,-1.0
0.9939401985084158,False,0.454,0.5897761018074319,0.852,-1.0
0.9945137011005497,False,0.454,0.589722305203193,0.852,-1.0
0.995033198349943,False,0.454,0.5897756664639152,0.852,-1.0
0.9955037268390589,False,0.454,0.5896901388357484,0.852,-1.0
0.995929862284104,False,0.452,0.5891901388357484,0.852,-1.0
0.9963157601005641,False,0.453,0.5903691005843823,0.852,-1.0
0.9966651926925867,False,0.454,0.5911530259031437,0.852,-1.0
0.9969815836752917,False,0.454,0.5908430817579212,0.852,-1.0
0.997268039236989,False,0.454,0.59131310968531,0.852,-1.0
0.9975273768433653,False,0.454,0.5911204241921824,0.852,-1.0
0.9977621514787236,False,0.454,0.5916759797477379,0.852,-1.0
0.9979746796109501,False,0.454,0.5913660356025154,0.852,-1.0
0.9981670610575072,False,0.454,0.5917610720323879,0.852,-1.0
0.9983411989198255,False,0.455,0.5924277386990546,0.852,-1.0
0.998498817743263,False,0.455,0.5925882578247377,0.852,-1.0
0.9986414800495711,False,0.454,0.5921098880615319,0.852,-1.0
0.9987706013787226,False,0.456,0.5924172025684041,0.852,-1.0
0.9988874639671398,False,0.458,0.5929388328051983,0.852,-1.0
0.9989932291799144,False,0.457,0.5926249354138257,0.852,-1.0
0.9990889488055994,False,0.457,0.5927638243027146,0.85,-1.0
0.9991755753136017,False,0.456,0.5926743434283976,0.85,-1.0
0.9992539711661633,False,0.457,0.5930632323172865,0.85,-1.0
0.9993249172693672,False,0.458,0.5938626403318585,0.848,-1.0
0.9993891206405656,False,0.457,0.5927904011046689,0.848,-1.0
0.9994472213630764,False,0.457,0.5928437623653909,0.848,-1.0
0.9994997988929205,False,0.456,0.5927326512542799,0.848,-1.0
0.9995473777767595,False,0.455,0.592504281491074,0.848,-1.0
0.9995904328350139,False,0.454,0.593183243239708,0.848,-1.0
0.9996293938593735,False,0.456,0.5933415680705576,0.848,-1.0
0.9996646498695336,False,0.459,0.5940060404423908,0.848,-1.0
0.9996965529699712,False,0.46199999999999997,0.5953433270218743,0.848,-1.0
0.9997254218438986,False,0.46199999999999997,0.5957383634517468,0.848,-1.0
0.9997515449181605,False,0.46199999999999997,0.5959306136013578,0.848,-1.0
0.9997751832297667,False,0.46099999999999997,0.5954773919775795,0.848,-1.0
0.9997965730219448,False,0.46299999999999997,0.5962551697553574,0.848,-1.0
0.9998159280950366,False,0.46199999999999997,0.5960585310160795,0.848,-1.0
0.9998334419352227,False,0.46299999999999997,0.5964474199049684,0.848,-1.0
0.9998492896419403,False,0.46499999999999997,0.5968301612528737,0.848,-1.0
0.9998636296729204,False,0.46399999999999997,0.596686883774318,0.848,-1.0
0.9998766054240137,False,0.46499999999999997,0.5972146615520957,0.848,-1.0
0.9998883466593704,False,0.46699999999999997,0.5978535504409846,0.848,-1.0
0.9998989708060922,False,0.46799999999999997,0.5982741703538015,0.848,-1.0
0.9999085841261478,False,0.47,0.5994570853485854,0.848,-1.0
0.9999172827771484,False,0.47,0.5996810665221245,0.848,-1.0
0.9999251537724895,False,0.469,0.600125510966569,0.848,-1.0
0.9999322758503804,False,0.46799999999999997,0.5996510944495133,0.848,-1.0
0.9999387202603833,False,0.46699999999999997,0.5990594192803629,0.848,-1.0
0.9999445514752772,False,0.46599999999999997,0.5992578169709575,0.848,-1.0
0.9999498278353162,False,0.46599999999999997,0.5985528363958625,0.848,-1.0
0.9999546021312976,False,0.46799999999999997,0.599747280840307,0.848,-1.0
0.9999589221322353,False,0.469,0.5999117532121402,0.848,-1.0
0.9999628310628971,False,0.469,0.5997944945600455,0.848,-1.0
0.9999663680359613,False,0.469,0.5999651144728624,0.848,-1.0
0.9999695684430994,False,0.469,0.5994523840473784,0.848,-1.0
0.9999724643088853,False,0.47,0.5996168564192117,0.848,-1.0
0.9999750846110607,False,0.471,0.599642439902156,0.848,-1.0
0.9999774555703496,False,0.471,0.5995785425107835,0.848,-1.0
0.9999796009127201,False,0.47,0.5985600998878327,0.848,-1.0
0.9999815421067044,False,0.47,0.5980257392255546,0.848,-1.0
0.999983298578152,False,0.472,0.5983013227084989,0.848,-1.0
0.999984887904559,False,0.472,0.5985152030949041,0.848,-1.0
0.9999863259909154,False,0.472,0.5980346390368648,0.848,-1.0
0.9999876272288255,False,0.472,0.5985685643556262,0.848,-1.0
0.999988804640495,False,0.474,0.5992352310222928,0.848,-1.0
0.9999898700090192,False,0.473,0.5991497033941261,0.846,-1.0
0.9999908339962802,False,0.473,0.5989786481377926,0.846,-1.0
0.9999917062496261,False,0.476,0.6002842036933481,0.846,-1.0
0.9999924954984029,False,0.478,0.6004742595481257,0.846,-1.0
0.999993209641302,False,0.478,0.6003032042917922,0.846,-1.0
0.9999938558253978,False,0.478,0.6008309820695699,0.844,-1.0
0.9999944405176665,False,0.478,0.6005210379243475,0.844,-1.0
0.9999949695696981,False,0.478,0.6005426681611417,0.844,-1.0
0.9999954482762552,False,0.478,0.6007349183107527,0.844,-1.0
0.999995881428255,False,0.478,0.6006493906825858,0.844,-1.0
0.9999962733607158,False,0.479,0.6010916408321969,0.844,-1.0
0.9999966279961363,False,0.479,0.6005255491459909,0.844,-1.0
0.9999969488837513,False,0.479,0.5999911884837128,0.844,-1.0
0.9999972392350497,False,0.479,0.5996812443384905,0.844,-1.0
0.9999975019559143,False,0.479,0.5994568278214347,0.844,-1.0
0.999997739675702,False,0.479,0.5995957167103236,0.844,-1.0
0.9999979547735586,False,0.479,0.6000123833769904,0.844,-1.0
0.9999981494022271,False,0.479,0.6000974756616404,0.844,-1.0
0.9999983255095944,False,0.479,0.599948050642101,0.844,-1.0
0.9999984848581834,False,0.477,0.5998647173087677,0.844,-1.0
0.999998629042793,False,0.478,0.6005097537386401,0.844,-1.0
0.9999987595064589,False,0.478,0.6009047901685127,0.844,-1.0
0.9999988775548947,False,0.479,0.6011009935642738,0.844,-1.0
0.9999989843695606,False,0.479,0.6008765770472182,0.844,-1.0
0.9999990810194866,False,0.479,0.6006737907669567,0.844,-1.0
0.9999991684719722,False,0.48,0.6006138466217343,0.844,-1.0
